Metric,Base,Stress,Delta_abs,Delta_pct
Expected Loss,30758237.29125,45041826.659625,14283589.368375,46.44
VaR 95%,31288342.5,45551365.875,14263023.375,45.59
Expected Shortfall 95%,31423544.7075,45677288.2275,14253743.52,45.36
