Metric,Base,Stress,Delta_abs,Delta_pct
Expected Loss,30755463.62625,45038025.10575,14282561.479500003,46.44
VaR 95%,31280874.1875,45553462.3125,14272588.125,45.63
Expected Shortfall 95%,31418651.7225,45690630.1875,14271978.465,45.43
