loan_status,proportion
0,0.7806210758527066
1,0.2193789241472934
