pd_quintile,n_loans,mean_pd,total_el,mean_el_per_loan
Q1 (Low),5893,0.019501497989064944,460905.8954979251,78.21243772236978
Q2,5893,0.07120516060148625,1608099.2651423402,272.8829569221687
Q3,5893,0.154818126584461,3666695.0491895634,622.211954724175
Q4,5893,0.29357395049365076,7468251.960102604,1267.3090039203469
Q5 (High),5893,0.5577958850678038,17552512.830067564,2978.536030895565
