group,mean_person_income
Default,47728.492110148516
No Default,66504.46928394417
