,Coef.,Std.Err.,z,P>|z|,[0.025,0.975]
const,-3.5001193475575376,0.07693014025149034,-45.49737380063767,0.0,-3.650899651776074,-3.3493390433390013
person_income,-4.1623967496933816e-05,8.366898692353534e-07,-49.74838231873627,0.0,-4.3263849506864636e-05,-3.9984085487003e-05
loan_amnt,0.0001225952629638103,3.2928886824949684e-06,37.23030894288289,2.207137645544417e-303,0.0001161413197410206,0.00012904920618659997
loan_int_rate,0.28354808815675675,0.0055767013842782315,50.84512664711294,0.0,0.27261795429103675,0.29447822202247675
cb_person_cred_hist_length,-0.0013602030194247517,0.004419547273230688,-0.30776976358269464,0.7582575306916384,-0.0100223565029291,0.007301950464079598
